{
    "providers": [
        {
            "type": "bitmap",
            "file": "armor_display:font/armor.png",
            "ascent": -16,
            "height": 9,
            "chars": [
                "ABC", "DEF", "GHI", "JKL", "MNO", "PQR", "STU", "VWX"
            ]
        },
        {
            "type": "bitmap",
            "file": "armor_display:font/elytra.png",
            "ascent": -16,
            "height": 9,
            "chars": [
                "YZ"
            ]
        },
        {
            "type": "bitmap",
            "file": "armor_display:font/toughness.png",
            "ascent": -16,
            "height": 9,
            "chars": [
                "[]"
            ]
        },
        {
            "type": "bitmap",
            "file": "armor_display:font/space_split.png",
            "ascent": -16,
            "height": -8,
            "chars": [
                ","
            ]
        },
        {
            "type": "bitmap",
            "file": "armor_display:font/space_split.png",
            "ascent": -16,
            "height": -4,
            "chars": [
                "."
            ]
        },
        {
            "type": "bitmap",
            "file": "armor_display:font/space_split.png",
            "ascent": -256,
            "height": -102,
            "chars": [
                ">"
            ]
        }
    ]
}
